Workbook

Sheet لوحة المعلومات
B2: إجمالي الكتب المباعة | D2: إجمالي الإيرادات | F2: متوسط الزوار اليومي | H2: عدد دور النشر المشاركة | J2: إجمالي الزوار
B3: =SUM(البيانات!F2:F22) -> 3260 | D3: =SUM(البيانات!G2:G22) -> 97800 | F3: =SUM(البيانات!H2:H22)/SUMPRODUCT(1/COUNTIF(البيانات!A2:A22,البيانات!A2:A22)) -> 1562.8571 | H3: =SUMPRODUCT(1/COUNTIF(البيانات!D2:D22,البيانات!D2:D22)) -> 3 | J3: =SUM(البيانات!H2:H22) -> 10940

Sheet البيانات
A1: التاريخ | B1: المدينة | C1: الجناح | D1: دار النشر | E1: التصنيف | F1: عدد الكتب المباعة | G1: الإيرادات | H1: الزوار
A2: 46023 | B2: الرياض | C2: A1 | D2: المعرفة | E2: أدب | F2: 181 | G2: 5530 | H2: 646
A3: 46023 | B3: جدة | C3: A2 | D3: الفكر | E3: أطفال | F3: 165 | G3: 4830 | H3: 589
A4: 46023 | B4: الدمام | C4: A3 | D4: الإبداع | E4: تاريخ | F4: 181 | G4: 5430 | H4: 645
A5: 46024 | B5: الرياض | C5: A1 | D5: المعرفة | E5: أطفال | F5: 212 | G5: 6480 | H5: 718
A6: 46024 | B6: جدة | C6: A2 | D6: الفكر | E6: تاريخ | F6: 89 | G6: 2600 | H6: 301
A7: 46024 | B7: الدمام | C7: A3 | D7: الإبداع | E7: أدب | F7: 219 | G7: 6570 | H7: 741
A8: 46025 | B8: الرياض | C8: A1 | D8: المعرفة | E8: تاريخ | F8: 97 | G8: 2960 | H8: 343
A9: 46025 | B9: جدة | C9: A2 | D9: الفكر | E9: أدب | F9: 119 | G9: 3480 | H9: 421
A10: 46025 | B10: الدمام | C10: A3 | D10: الإبداع | E10: أطفال | F10: 248 | G10: 7440 | H10: 876
A11: 46026 | B11: الرياض | C11: A1 | D11: المعرفة | E11: أدب | F11: 150 | G11: 4580 | H11: 575
A12: 46026 | B12: جدة | C12: A2 | D12: الفكر | E12: أطفال | F12: 124 | G12: 3630 | H12: 475
A13: 46026 | B13: الدمام | C13: A3 | D13: الإبداع | E13: تاريخ | F13: 112 | G13: 3360 | H13: 430
... A22: 46029 | B22: الدمام | C22: A3 | D22: الإبداع | E22: تاريخ | F22: 136 | G22: 4080 | H22: 436

Sheet التحليل
A1: الإيرادات حسب دار النشر
A2: دار النشر | B2: الإيرادات
A3: الإبداع | B3: =SUMIFS(البيانات!$G$2:$G$22,البيانات!$D$2:$D$22,A3) -> 41100
A4: الفكر | B4: =SUMIFS(البيانات!$G$2:$G$22,البيانات!$D$2:$D$22,A4) -> 23700
A5: المعرفة | B5: =SUMIFS(البيانات!$G$2:$G$22,البيانات!$D$2:$D$22,A5) -> 33000
A6: الإجمالي | B6: =SUM(B3:B5) -> 97800
A8: مبيعات الكتب حسب التصنيف
A9: التصنيف | B9: عدد الكتب المباعة
A10: أدب | B10: =SUMIFS(البيانات!$F$2:$F$22,البيانات!$E$2:$E$22,A10) -> 1080
A11: أطفال | B11: =SUMIFS(البيانات!$F$2:$F$22,البيانات!$E$2:$E$22,A11) -> 1390
A12: تاريخ | B12: =SUMIFS(البيانات!$F$2:$F$22,البيانات!$E$2:$E$22,A12) -> 790
A13: الإجمالي | B13: =SUM(B10:B12) -> 3260
A15: الزوار حسب اليوم
A16: التاريخ | B16: الزوار
A17: 46023 | B17: =SUMIFS(البيانات!$H$2:$H$22,البيانات!$A$2:$A$22,A17) -> 1880
A18: 46024 | B18: =SUMIFS(البيانات!$H$2:$H$22,البيانات!$A$2:$A$22,A18) -> 1760
A19: 46025 | B19: =SUMIFS(البيانات!$H$2:$H$22,البيانات!$A$2:$A$22,A19) -> 1640
A20: 46026 | B20: =SUMIFS(البيانات!$H$2:$H$22,البيانات!$A$2:$A$22,A20) -> 1480
A21: 46027 | B21: =SUMIFS(البيانات!$H$2:$H$22,البيانات!$A$2:$A$22,A21) -> 1530
A22: 46028 | B22: =SUMIFS(البيانات!$H$2:$H$22,البيانات!$A$2:$A$22,A22) -> 1390
A23: 46029 | B23: =SUMIFS(البيانات!$H$2:$H$22,البيانات!$A$2:$A$22,A23) -> 1260
A24: الإجمالي | B24: =SUM(B17:B23) -> 10940
A26: مبيعات الكتب حسب الجناح
A27: الجناح | B27: عدد الكتب المباعة
A28: A1 | B28: =SUMIFS(البيانات!$F$2:$F$22,البيانات!$C$2:$C$22,A28) -> 1080
A29: A2 | B29: =SUMIFS(البيانات!$F$2:$F$22,البيانات!$C$2:$C$22,A29) -> 810
A30: A3 | B30: =SUMIFS(البيانات!$F$2:$F$22,البيانات!$C$2:$C$22,A30) -> 1370
A31: الإجمالي | B31: =SUM(B28:B30) -> 3260
